epochs,loss,rewards
1,0.32736456394195557,-0.4089684079274948
2,0.21292558312416077,-0.40776021278551666
3,0.2713133692741394,-0.3976193397964915
4,0.27338850498199463,-0.3775968109603241
5,0.28185224533081055,-0.3761427872489631
6,0.28407248854637146,-0.35989060102605075
7,0.18933597207069397,-0.2996522816456504
8,0.265836626291275,-0.36161426493983456
9,0.1811513900756836,-0.3571517453131578
10,0.24688856303691864,-0.37469135858600344
11,0.15498679876327515,-0.3872005810419425
12,0.1676461547613144,-0.33543603777414466
13,0.19764436781406403,-0.3844046361981514
14,0.16581039130687714,-0.4009832468636836
15,0.2028694599866867,-0.36001454445047215
16,0.23870353400707245,-0.349197426856699
17,0.23415565490722656,-0.35608504538429925
18,0.2392599880695343,-0.39877866592303346
19,0.17895855009555817,-0.3717496158018332
20,0.24541403353214264,-0.34078965249260285
21,0.1923764944076538,-0.3617128952273065
22,0.2544068694114685,-0.37138612435026574
23,0.22212377190589905,-0.31361968501045756
24,0.3244820833206177,-0.34711127151802246
25,0.2078721821308136,-0.29192327353042985
26,0.15827929973602295,-0.2804545287759019
27,0.12235758453607559,-0.30666147293997825
28,0.12300054728984833,-0.35985181138569444
29,0.12328355014324188,-0.35570085703827803
30,0.10072040557861328,-0.2970005326934402
31,0.07168915867805481,-0.3044116287010651
32,0.09337962418794632,-0.2767429829812517
33,0.06823627650737762,-0.3231944413806647
34,0.1198715791106224,-0.2365444839308478
35,0.1749003380537033,-0.21279776130008732
36,0.08607258647680283,-0.2990809115045597
37,0.12495327740907669,-0.2941870565099677
38,0.09671872109174728,-0.28128803040031564
39,0.0961059182882309,-0.30550500433791733
40,0.08398829400539398,-0.2836493815120013
41,0.0925028920173645,-0.30154015691229424
42,0.13260331749916077,-0.30626157376972196
43,0.11780119687318802,-0.2903854341434168
44,0.08053387701511383,-0.2544974600806302
45,0.08649564534425735,-0.2851372746230344
46,0.14967091381549835,-0.23545986250613196
47,0.09874817728996277,-0.2565187694725015
48,0.17673859000205994,-0.17907645456804688
49,0.08244799822568893,-0.24748831160736798
50,0.05572523549199104,-0.2644415153959225
51,0.08786454796791077,-0.21019076031849487
52,0.15862776339054108,-0.1732231476134096
53,0.12323123961687088,-0.2899829643413074
54,0.17802181839942932,-0.18053098338700263
55,0.19112540781497955,-0.1964854311421772
56,0.14393962919712067,-0.21925158797015792
57,0.10089987516403198,-0.23559993472749788
58,0.18656416237354279,-0.25070311490075653
59,0.14251945912837982,-0.2741748811126542
60,0.17020459473133087,-0.20456862552497856
61,0.08693896234035492,-0.15973781941413295
62,0.09485681354999542,-0.2182923017412493
63,0.11350660026073456,-0.20388757575150443
64,0.1377001702785492,-0.2268603608067629
65,0.1346665620803833,-0.18987094777693053
66,0.09500380605459213,-0.20808102181089377
67,0.13822229206562042,-0.2421938672007843
68,0.1255117952823639,-0.26285217070274025
69,0.23356561362743378,-0.16905158509609491
70,0.11078900098800659,-0.2831794450289079
71,0.10951662808656693,-0.27593572168942787
72,0.2759436368942261,-0.1723029595888174
73,0.16396652162075043,-0.14282068095257297
74,0.09367319941520691,-0.24901956208171128
75,0.1312478929758072,-0.22529445262825212
76,0.10961777716875076,-0.15281972723593834
77,0.16387562453746796,-0.2306451263989191
78,0.10382243990898132,-0.1675360781584911
79,0.1350925713777542,-0.20034946540142926
80,0.0659300684928894,-0.1509487027724778
81,0.06308462470769882,-0.15874568941216224
82,0.0837855115532875,-0.16924997341398595
83,0.0947047546505928,-0.23695706240310854
84,0.17577487230300903,-0.05823694977343296
85,0.1562967747449875,-0.1519953180247133
86,0.15456394851207733,-0.13957406830338193
87,0.17196804285049438,-0.10797085335147258
88,0.1389530599117279,-0.13672133950975793
89,0.14126501977443695,-0.09251055310563451
90,0.15330630540847778,-0.13226078698442095
91,0.1425527036190033,-0.07235303184104247
92,0.13459472358226776,-0.09678150333374229
93,0.24296849966049194,-0.10705102338969053
94,0.1585170328617096,-0.02920419811945317
95,0.13860023021697998,-0.028902091058095918
96,0.18157783150672913,-0.07974479083830165
97,0.15393023192882538,-0.03184421791751442
98,0.1612146943807602,-0.04160604729449582
99,0.14982138574123383,-0.04899714919599072
100,0.11712127923965454,-0.04075343994082317
101,0.16498799622058868,-0.007832591514762226
102,0.15576262772083282,0.04119850173626003
103,0.20396673679351807,-0.023353159071185202
104,0.144358292222023,-0.06920355323121477
105,0.1366051882505417,-0.04504120856445329
106,0.10588684678077698,-0.08123481924155077
107,0.1142355352640152,-0.1236790698991542
108,0.1206984892487526,-0.1160976943514809
109,0.1402323693037033,-0.1421446697625492
110,0.12747307121753693,-0.079948146679075
111,0.09883502125740051,-0.10753656174696254
112,0.07184232771396637,-0.19207265457012793
113,0.10104864835739136,-0.10590335757916151
114,0.12629108130931854,-0.12084778872969888
115,0.07941015064716339,-0.17267702438010255
116,0.09391859918832779,-0.18430822055467036
117,0.0808587372303009,-0.2251919841827255
118,0.11959268897771835,-0.14865307915125658
119,0.09332434833049774,-0.22490954625159654
120,0.10326822102069855,-0.21895705157947667
121,0.12160675972700119,-0.17818684534282056
122,0.12126719206571579,-0.19297798579020295
123,0.12140839546918869,-0.17502586438171402
124,0.08709511160850525,-0.21391357393773977
125,0.14714957773685455,-0.20388047372556536
126,0.12386315315961838,-0.11220745798541962
127,0.08088333159685135,-0.2591232640016338
128,0.045743681490421295,-0.1993579538807249
129,0.07850924134254456,-0.16365230807295575
130,0.1345195323228836,-0.13078676941912015
131,0.09851941466331482,-0.21332396903136433
132,0.10384954512119293,-0.22110691104604832
133,0.09918208420276642,-0.24450410676279105
134,0.09656019508838654,-0.12999092908502327
135,0.12679478526115417,-0.07566495835762824
136,0.12557536363601685,-0.18457621356383938
137,0.12684665620326996,-0.10024418874900748
138,0.07654871791601181,-0.19036327640924847
139,0.14127343893051147,-0.1273251763154454
140,0.10640515387058258,-0.10520449403860044
141,0.15246589481830597,-0.05853257601863161
142,0.10919130593538284,-0.10662542635130834
143,0.1108333095908165,-0.09187310650996323
144,0.1152045726776123,-0.08126855341734159
145,0.15130406618118286,-0.07472584613516686
146,0.20931217074394226,-0.017016443675721016
147,0.1513822078704834,-0.0009780814931008087
148,0.21114569902420044,0.011902490043605694
149,0.12219147384166718,0.06021787488417644
150,0.18115460872650146,0.0259694750722531
151,0.21503756940364838,0.034171245865882965
152,0.200870081782341,0.049015507566442115
153,0.1422925442457199,0.07831643223840935
154,0.2984965443611145,0.005136646278154449
155,0.20930714905261993,0.13796830372241722
156,0.2772539258003235,0.14843785606856957
157,0.30919748544692993,0.09397524194516758
158,0.38746586441993713,0.0923750049768503
159,0.23189803957939148,0.0486990964543971
160,0.16343094408512115,-0.01599431241506859
161,0.19170024991035461,0.0562973250516963
162,0.2688743770122528,-0.022001113027712012
163,0.19032594561576843,0.06176167561470832
164,0.16216367483139038,-0.08297732343344148
165,0.11684849113225937,-0.008429806532731428
166,0.13142839074134827,-0.0020956882837947235
167,0.11072037369012833,-0.11172629247019414
168,0.182058185338974,-0.046285573795982006
169,0.1351042240858078,-0.02462338111466226
170,0.14880581200122833,-0.02087915005853468
171,0.09660554677248001,-0.1077795962097084
172,0.1259605437517166,-0.120058776054825
173,0.10955829918384552,-0.017761761005822184
174,0.07975620031356812,-0.21630887352645636
175,0.1071816235780716,-0.13628763994284668
176,0.13261233270168304,-0.1407259473178497
177,0.07411298155784607,-0.16979431068080714
178,0.08799295127391815,-0.11829900323826323
179,0.12040448188781738,-0.15134365812008546
180,0.09532660245895386,-0.1273249905621823
181,0.08412885665893555,-0.16674558862991712
182,0.10889601707458496,-0.17175960331360676
183,0.09143268316984177,-0.18052744017982605
184,0.08714263886213303,-0.1734992284683736
185,0.12994502484798431,-0.0745222936386857
186,0.09571261703968048,-0.17573455088646597
187,0.12160281836986542,-0.1785281399620054
188,0.07142972946166992,-0.20011661373487882
189,0.11271878331899643,-0.15762291264463987
190,0.1290563941001892,-0.16014329333198474
191,0.10349112749099731,-0.16233671484711668
192,0.10117728263139725,-0.19809662893085214
193,0.09242454171180725,-0.21064227250182696
194,0.052207209169864655,-0.12156870143575894
195,0.13295646011829376,-0.12830947962027647
196,0.1201670914888382,-0.19105028309171218
197,0.09554900228977203,-0.1699693625787461
198,0.11137416213750839,-0.14291773216420695
199,0.0753341019153595,-0.16597470132127914
200,0.0772145688533783,-0.1356196912744574
201,0.11825897544622421,-0.1368277907932848
202,0.06987971067428589,-0.1560454547163973
203,0.08293791860342026,-0.19129479271915362
204,0.08418312668800354,-0.10043149542402041
205,0.05830054357647896,-0.14768835791982254
206,0.0793999657034874,-0.09391857391693809
207,0.12905487418174744,-0.06967041655140055
208,0.0884127989411354,-0.07053509743490051
209,0.12047895789146423,-0.02466408023567201
210,0.10291970521211624,-0.04184301295333709
211,0.13253846764564514,-0.09085239355440222
212,0.1294490098953247,-0.06392988734908676
213,0.15354526042938232,-0.02573397661176012
214,0.24539969861507416,-0.010580108283175745
215,0.13814686238765717,0.040472635421393385
216,0.11349069327116013,0.04124055280775142
217,0.20799672603607178,0.023442148997687443
218,0.13965639472007751,0.057569190887294897
219,0.17217084765434265,0.008958559195216874
220,0.117383673787117,0.024573096715688476
221,0.27685272693634033,0.07605589565726065
222,0.18065780401229858,0.05017587266296366
223,0.3052724599838257,0.1009060170310673
224,0.2489660084247589,0.036354865318956986
225,0.3363771438598633,0.04679312584852965
226,0.35662415623664856,-0.02639578600486755
227,0.24497930705547333,0.03878804504713171
228,0.1435561329126358,0.04645791819639054
229,0.12493038922548294,0.04532736042707315
230,0.2728393077850342,0.0963187441469801
231,0.21156364679336548,0.014605414329318465
232,0.13440977036952972,-0.01350495333138103
233,0.15253286063671112,-0.05034273988725265
234,0.06945479661226273,-0.03199282554713479
235,0.12132987380027771,-0.11913802044098681
236,0.13725276291370392,-0.04820467118018727
237,0.1557607352733612,-0.12505922057388352
238,0.16465066373348236,-0.1624140141212206
239,0.1076362207531929,-0.14179415667082929
240,0.11727233976125717,-0.14529837638244816
241,0.10794986039400101,-0.11833403964027253
242,0.0727466270327568,-0.10129218373805057
243,0.12112322449684143,-0.1460661363594767
244,0.1570233702659607,-0.14096095073270987
245,0.11696935445070267,-0.11878362457513796
246,0.07706707715988159,-0.1820425836833477
247,0.14554539322853088,-0.17262124404339288
248,0.10441374778747559,-0.15273544825296764
249,0.1580798476934433,-0.19695107425943598
250,0.11833181977272034,-0.10507129864429045
251,0.1047336682677269,-0.19664544133154924
252,0.11161068826913834,-0.16690746838925896
253,0.16786889731884003,-0.14036403384598922
254,0.11069802939891815,-0.14443594497966888
255,0.1131281778216362,-0.11946569911142348
256,0.09142432361841202,-0.14077734650125526
257,0.12669260799884796,-0.13275556754233267
258,0.13248875737190247,-0.13737225004234482
259,0.15928784012794495,-0.12765015205802258
260,0.08729111403226852,-0.09992686010753635
261,0.15131191909313202,-0.10053755128430232
262,0.1251395344734192,-0.11169083990708223
263,0.10805901885032654,-0.14668074467033965
264,0.09104087948799133,-0.16101153277652785
265,0.07091657817363739,-0.1432489532022765
266,0.0698813796043396,-0.06891225555647751
267,0.13132306933403015,-0.01856272052289209
268,0.1394943743944168,-0.09313817653073748
269,0.07625896483659744,-0.11345071800010711
270,0.12518706917762756,-0.11773927842800085
271,0.11928532272577286,-0.002010178325689671
272,0.1056562215089798,-0.04404100777730159
273,0.1002109944820404,-0.00021367679292223052
274,0.09622002393007278,-0.05065042110435624
275,0.10798012465238571,0.02805652144475053
276,0.19299225509166718,-0.06109987190445897
277,0.22214534878730774,0.06666140286493498
278,0.12605124711990356,-0.012073630973510632
279,0.20287324488162994,0.03917385182239674
280,0.19097857177257538,0.02531441947960568
281,0.20835775136947632,0.09285647394752722
282,0.20485933125019073,0.09357945971684936
283,0.1907864362001419,0.0944082432058574
284,0.1319851279258728,0.13593628839882174
285,0.1885850727558136,0.08784093212555512
286,0.23386283218860626,0.10024563882526248
287,0.22465652227401733,0.07700867222435628
288,0.2952014207839966,0.15329361326221586
289,0.18165840208530426,0.10602013497448752
290,0.1728929728269577,0.13923818790181186
291,0.22945691645145416,0.08679518653190488
292,0.2555765211582184,0.1127936602057634
293,0.2704271078109741,0.048866014368132475
294,0.2347540706396103,0.016781840462865582
295,0.12626135349273682,0.08528672882338462
296,0.20682309567928314,0.03627765116202985
297,0.13152042031288147,-0.008102193399732872
298,0.1760006695985794,-0.0578842991821791
299,0.0936851054430008,-0.051255409123551185
300,0.08607606589794159,-0.000554974258144112
301,0.12161888182163239,-0.015480566405667
302,0.11692383140325546,-0.014632983051893866
303,0.08566155284643173,-0.06295470837455663
304,0.17443743348121643,-0.046541068364237666
305,0.14192453026771545,-0.03160237868371282
306,0.109927237033844,-0.023433177397106673
307,0.08538978546857834,-0.09850525030664159
308,0.058845311403274536,-0.08940721455453048
309,0.14731460809707642,-0.018175621927789733
310,0.10882122069597244,-0.10848563068213117
311,0.11881370842456818,-0.08717687865577468
312,0.10172773152589798,-0.20218744607133746
313,0.08965519070625305,-0.10911342400324539
314,0.12180015444755554,-0.14176573219694796
315,0.09177251160144806,-0.0864716011955771
316,0.09585724771022797,-0.12202216303274571
317,0.08590061217546463,-0.1391853479413298
318,0.1009250059723854,-0.0830325263875901
319,0.09925194084644318,-0.16633590084188316
320,0.2084505259990692,-0.03570730273423901
321,0.1300189197063446,-0.08553424924616254
322,0.07526492327451706,-0.030950620566429193
323,0.06791753321886063,-0.17446441652687664
324,0.13343216478824615,-0.08719176114423507
325,0.0817481130361557,-0.10201689087814347
326,0.14119915664196014,0.026891558202610383
327,0.08298910409212112,-0.04365058804079152
328,0.09180446714162827,-0.06309610249278426
329,0.14985549449920654,-0.01473006286385376
330,0.11558851599693298,-0.021225624679691232
331,0.11879460513591766,0.016255785981941568
332,0.11430475860834122,-0.009980110223459735
333,0.16189831495285034,-0.040724370512035216
334,0.10529077798128128,0.00420167680158035
335,0.08142175525426865,0.027182980342509832
336,0.1208021342754364,0.02928609414038658
337,0.14779922366142273,0.03339336134700839
338,0.205021932721138,0.004425580035831583
339,0.17120279371738434,0.057375113075479066
340,0.14977726340293884,0.07358993579518863
341,0.14164333045482635,0.08455080464457686
342,0.1367945522069931,0.01925246835312973
343,0.14986145496368408,0.05758603011797141
344,0.1786126345396042,0.044938377666568156
345,0.11014552414417267,0.07591876637699829
346,0.2553403675556183,0.09379420378136923
347,0.1563359797000885,0.06930301387846352
348,0.1638440489768982,0.08591844989241766
349,0.20037256181240082,0.014810228580735725
350,0.2391594648361206,0.04772029650640964
351,0.16006046533584595,0.07934407781086611
352,0.10461684316396713,0.07416802880228728
353,0.12113892287015915,0.040666431098967705
354,0.09235252439975739,0.07038128848416257
355,0.13496370613574982,0.04576003804278171
356,0.15382304787635803,0.06035545131731038
357,0.12647660076618195,-0.012083406152052643
358,0.14971071481704712,0.01624938025246165
359,0.12200171500444412,-0.044647513089429276
360,0.11203302443027496,-0.017105357502450236
361,0.14580029249191284,-0.00491095438292303
362,0.1595480889081955,-0.025430165205490737
363,0.09131833165884018,-0.03319585710740513
364,0.0791526734828949,0.03819957966909959
365,0.09539058804512024,-0.0648662817407084
366,0.10674530267715454,-0.09310974426676966
367,0.0844302624464035,-0.035884985331226055
368,0.13541659712791443,-0.11111863350221288
369,0.11144746094942093,-0.11671969646320875
370,0.06681479513645172,-0.19559624712789264
371,0.11516126990318298,-0.12913597833869978
372,0.14029118418693542,-0.11795902692844258
373,0.12104394286870956,-0.11345280666796297
374,0.17116613686084747,-0.13932736265660356
375,0.11461325734853745,-0.08084492734352025
376,0.11375117301940918,-0.10557590992916847
377,0.14022499322891235,-0.0610115611362953
378,0.08294381946325302,-0.09395400448552431
379,0.12236610054969788,-0.1458743654534892
380,0.11719093471765518,-0.031136309435638884
381,0.09893423318862915,-0.09362267289936599
382,0.0663628801703453,-0.07407949047362755
383,0.11008622497320175,-0.06519207933941396
384,0.1242777556180954,-0.048900201879840316
385,0.08053797483444214,-0.08954397663658469
386,0.10041368752717972,-0.06167209650508095
387,0.07618653774261475,-0.07412265538359127
388,0.07479742914438248,-0.10002279021946484
389,0.056092921644449234,-0.14664686641235375
390,0.06542062759399414,-0.0864821714332415
391,0.07192638516426086,-0.05959982825235516
392,0.09382851421833038,-0.00630949151547707
393,0.1122344434261322,0.007769701992400119
394,0.09329836070537567,-0.006617794073255496
395,0.0795220211148262,-0.016760210683690283
396,0.12401014566421509,-0.08487412097139348
397,0.09558228403329849,0.009623042966935733
398,0.12135247141122818,0.01931234357787904
399,0.09333906322717667,-0.02998767362444924
400,0.11597058922052383,0.0385065455264292
401,0.15216338634490967,0.10254508370770864
402,0.15597951412200928,0.0441524308878986
403,0.10768664628267288,0.06356216432261222
404,0.19049584865570068,-0.011180205878862202
405,0.2765654921531677,0.008586194793571094
406,0.1790720373392105,0.04849536615377176
407,0.25648894906044006,0.0874322538184271
408,0.22568759322166443,0.05300005647072878
409,0.221283957362175,0.09980578277129074
410,0.3454844653606415,0.09593787686795745
411,0.18218299746513367,0.13472365787535062
412,0.2181171178817749,0.07006245731625185
413,0.12867526710033417,0.08869340633530598
414,0.23682211339473724,0.11294874667847711
415,0.08254769444465637,0.1009023774652595
416,0.08892116695642471,0.10399796766469298
417,0.12910032272338867,-0.015264751064474452
418,0.1652124524116516,0.05373297230890931
419,0.13373693823814392,0.07515923390980038
420,0.10842730849981308,0.04125290883799303
421,0.14028629660606384,0.08676866874422329
422,0.1428655982017517,0.03208215034842265
423,0.15948238968849182,0.09234904301281238
424,0.13281960785388947,0.01053345454692407
425,0.12586739659309387,-0.010730501668724362
426,0.10383639484643936,0.004846481746748736
427,0.08918117731809616,0.0012019614798491362
428,0.11944764852523804,-0.0006717079019547456
429,0.14138132333755493,-0.12397379625152755
430,0.11798697710037231,-0.06626026309072727
431,0.16176408529281616,-0.07469144586513414
432,0.11506739258766174,-0.0635938339916356
433,0.1788720190525055,-0.03333064074969869
434,0.10319909453392029,-0.09075305090160178
435,0.11370662599802017,-0.004777276541953095
436,0.09006107598543167,-0.04687106045672113
437,0.17105810344219208,-0.0743287376199993
438,0.1306932121515274,-0.13687381593329917
439,0.1134040355682373,-0.14741492574220763
440,0.15758685767650604,-0.024025785049789965
441,0.12272576242685318,-0.08472824782425516
442,0.1381240040063858,-0.08302924563272152
443,0.14605136215686798,0.012120591261579917
444,0.15487490594387054,-0.008709225532790108
445,0.13817590475082397,-0.05575073850590913
446,0.12372017651796341,-0.06533292306818213
447,0.18836233019828796,-0.052495287144647046
448,0.07185161113739014,-0.08524409341744953
449,0.1066722497344017,0.01614370937996798
450,0.09735056757926941,-0.04455624692790458
451,0.06344205141067505,0.00934189627436964
452,0.06035127118229866,-0.0024557159102598703
453,0.13711808621883392,0.017332482306826838
454,0.09562281519174576,-0.06297692809138818
455,0.07994922995567322,-0.012811722692045967
456,0.10697150975465775,0.05412102444786265
457,0.18353116512298584,-0.0219343386092189
458,0.09963089227676392,-0.005633833067168177
459,0.16670535504817963,0.015488337291665774
460,0.09001169353723526,0.02174057847856877
461,0.11537166684865952,0.08918066406919838
462,0.14076802134513855,-0.02781773768994241
463,0.13205276429653168,0.011062070684810696
464,0.15200135111808777,0.05409683645975164
465,0.15953205525875092,0.03983554188479619
466,0.13050398230552673,0.1261210396420795
467,0.12610818445682526,0.09254638842521917
468,0.12508417665958405,0.037024687869009525
469,0.18764494359493256,0.0660646572052007
470,0.2891743779182434,0.11770229118710382
471,0.18663492798805237,0.07615253268866216
472,0.20220640301704407,0.048090189076280494
473,0.1807839274406433,0.047102684309349704
474,0.1918763369321823,0.07454645287671084
475,0.2430526316165924,0.15719503093681278
476,0.3021312654018402,0.05579802619205207
477,0.18829169869422913,0.08262030165165694
478,0.19311849772930145,0.02713255896498455
479,0.2606712579727173,0.08741238317441784
480,0.18460489809513092,0.014788380761259762
481,0.11220812797546387,0.048661049642862796
482,0.19075194001197815,0.01836522520587344
483,0.21794389188289642,0.0012404137797685966
484,0.08653613179922104,0.09895144565805138
485,0.062008198350667953,0.046222625422133456
486,0.1786748170852661,0.003739274608231282
487,0.0671982690691948,-0.011099823418678241
488,0.09224299341440201,-0.02769414693067242
489,0.13511675596237183,-0.019161515673269035
490,0.16574636101722717,0.0648643300497114
491,0.10260806232690811,-0.014866421951998176
492,0.07314161211252213,0.024165218576927872
493,0.1056465357542038,-0.05107817632965329
494,0.11348343640565872,-0.006207125858627005
495,0.11213802546262741,-0.11903966699653036
496,0.10171052068471909,-0.043659468490701105
497,0.12100929021835327,-0.0918864665660307
498,0.07466977834701538,-0.015390915362987409
499,0.15444199740886688,-0.007992318754647086
500,0.14762791991233826,-0.1219014348598229
501,0.17493127286434174,-0.003783905794625606
502,0.12681302428245544,-0.0729185007180857
503,0.08506301790475845,-0.07433229567508554
504,0.10811218619346619,-0.05051709303362251
505,0.10984750837087631,-0.054695681411856524
506,0.17253795266151428,-0.06389333994900381
507,0.07679576426744461,-0.013759711824134446
508,0.06795540452003479,0.020111609788245177
509,0.08568394929170609,-0.014271399281443749
510,0.10697603970766068,-0.03452196786864209
511,0.08358784765005112,-0.0023184018155588014
512,0.09318888932466507,-0.011511514149043483
513,0.09115509688854218,-0.010170059958414072
514,0.09879293292760849,-0.04864266643184866
515,0.07227524369955063,0.03397000468361272
516,0.08173160254955292,-0.0064545073639078335
517,0.10459977388381958,-0.026350116839103536
518,0.08575964719057083,0.018383446807593216
519,0.13098929822444916,0.009087469427925774
520,0.0676937997341156,-0.0014006585885130817
521,0.14956605434417725,0.08005756219469191
522,0.08265998214483261,-0.01909809850386261
523,0.16006483137607574,0.023307820508837073
524,0.11506041884422302,0.026337455701606644
525,0.1096775233745575,0.02691084348915063
526,0.1757623553276062,0.0359447796917638
527,0.08428800851106644,0.11331496161074861
528,0.07616223394870758,0.01698830410310204
529,0.14512930810451508,0.06901225440019611
530,0.1367224007844925,0.052436533331295825
531,0.16031891107559204,0.010705810768433226
532,0.19788095355033875,0.07163263347824989
533,0.1219479963183403,0.09177580563587806
534,0.13037548959255219,0.06036625765125999
535,0.11750449985265732,0.13122980261996628
536,0.139210045337677,0.061054904042600416
537,0.1714070737361908,0.06551600251850767
538,0.21518845856189728,0.1363961628174346
539,0.1547389030456543,0.07014156877421257
540,0.12030144780874252,0.07407903645702753
541,0.1528673619031906,0.10704412636858397
542,0.10586769878864288,0.07849050686800764
543,0.21495164930820465,0.08923486483338706
544,0.1212167963385582,0.12542332540645146
545,0.12577715516090393,0.1408671622031508
546,0.09831197559833527,0.07317212184029659
547,0.12246810644865036,0.13639898908777434
548,0.10957056283950806,0.0637568234968818
549,0.07020769268274307,0.046270187050024295
550,0.1298036128282547,0.06126167561470833
551,0.110409677028656,0.05414094263531001
552,0.08768532425165176,0.08680846986673854
553,0.044172775000333786,0.008578043161493713
554,0.08666250109672546,0.03462181816064243
555,0.10416126251220703,0.036728329053806553
556,0.18087463080883026,0.05322310734273378
557,0.1368759423494339,0.009727781725651396
558,0.14554542303085327,0.029100528443670583
559,0.09800630807876587,0.0018865219730367189
560,0.13843010365962982,0.07180199478437212
561,0.16995763778686523,-0.06439894642220537
562,0.18994596600532532,0.028070797345547654
563,0.1556296944618225,-0.03655350162317427
564,0.10362332314252853,0.05003844901217959
565,0.11653808504343033,-0.030706411152768023
566,0.1056678369641304,0.040851462216538126
567,0.06428632885217667,0.03892976554113782
568,0.15930849313735962,0.028421662808923158
569,0.10685337334871292,-0.02095978411878059
570,0.14993898570537567,-0.024377159910303207
571,0.09410734474658966,-0.006842698871306828
572,0.13012093305587769,0.05871059818816409
573,0.20357021689414978,0.04048920866580889
574,0.12605252861976624,0.009884121828481442
575,0.12221935391426086,-0.008503366078888002
576,0.12913702428340912,0.009864941878149418
577,0.10634682327508926,0.037944398904945574
578,0.12418604642152786,0.04617054603236766
579,0.15761464834213257,0.03899999493869925
580,0.10018105804920197,-0.04865653290778454
581,0.11822312325239182,0.07303480398461054
582,0.12541469931602478,0.09314930517260056
583,0.1565556526184082,0.08085396854515547
584,0.08971425890922546,0.02506720570603963
585,0.15483346581459045,0.035064755449205884
586,0.1502266526222229,0.024741755268017588
587,0.19121988117694855,0.013970493321772217
588,0.19787336885929108,0.0936574745174725
589,0.13685248792171478,0.02889563091622417
590,0.13544929027557373,0.026773887448413566
591,0.16416363418102264,0.03955565252663075
592,0.09141285717487335,0.027344133509346818
593,0.10765692591667175,0.02153368741079196
594,0.10570153594017029,0.04427106968640302
595,0.13950484991073608,-0.02651346697035022
596,0.16085343062877655,0.058060211940867835
597,0.09206537157297134,0.011578614011537298
598,0.11294790357351303,0.05996004755948236
599,0.1357508897781372,0.1317525693689824
600,0.0807029977440834,0.12097230742274558
601,0.08909157663583755,0.03618500824425355
602,0.12323004007339478,0.07601543413921202
603,0.17611593008041382,0.06594023326040196
604,0.09876170009374619,0.059453802650386474
605,0.10309915244579315,0.04349631673364062
606,0.19653962552547455,-0.015427424721981881
607,0.09758909046649933,0.0047835743534196526
608,0.11870516836643219,0.05740858431852093
609,0.10447654128074646,0.01035582099637692
610,0.12763571739196777,0.06820334484664105
611,0.10106181353330612,0.0031901262099030435
612,0.1207352802157402,-0.043471323877391284
613,0.08424881845712662,0.0031438356835182236
614,0.12452225387096405,-0.006254538938301225
615,0.11100679636001587,0.042719450912999404
616,0.08695051074028015,-0.02380833594404403
617,0.10101602226495743,0.05525204208668912
618,0.1138036921620369,0.04571533536699534
619,0.07247753441333771,0.08072428234115447
620,0.07841134816408157,0.02530517644283261
621,0.10352198779582977,-0.02853817100841218
622,0.11534176021814346,0.06679260562741315
623,0.1304297000169754,0.09938466769978234
624,0.177815243601799,0.06480117518160915
625,0.07418029755353928,0.029786473012643186
626,0.10951972752809525,0.01987660352734795
627,0.2023305743932724,0.033207516794016546
628,0.11104480922222137,0.05792698066395302
629,0.10483558475971222,0.09842156285844805
630,0.12041201442480087,0.06059905028808789
631,0.09643111377954483,0.04781557463789671
632,0.09071830660104752,0.078581846978286
633,0.21762526035308838,0.11499420534076112
634,0.13591894507408142,0.08401228758875984
635,0.22374801337718964,0.09141519712202967
636,0.1354071944952011,0.053431981333239696
637,0.20227384567260742,0.07321198701844546
638,0.1675746738910675,0.12938527365783423
639,0.10366985201835632,0.10637611525959467
640,0.1204666718840599,0.16372916509244326
641,0.12520641088485718,0.040488035543092965
642,0.31870442628860474,0.09021103782653285
643,0.16365501284599304,0.06370791071055236
644,0.12839064002037048,0.09980567091454087
645,0.08026706427335739,0.02843200276828441
646,0.11586200445890427,0.09367687253858181
647,0.1064281240105629,0.19495995262969074
648,0.13504183292388916,0.08804490487607279
649,0.09761009365320206,0.056658854198884896
650,0.14303070306777954,0.049660005719282765
651,0.08140294253826141,0.08390371328861329
652,0.10369858890771866,0.07240423075059584
653,0.11716192215681076,0.03845271906048233
654,0.12767305970191956,0.08499543183289143
655,0.10267286002635956,0.012313855895711372
656,0.22098304331302643,0.035120428076255795
657,0.14790771901607513,0.06329459288355832
658,0.0829048827290535,0.009765948035373992
659,0.10444997996091843,0.05684140364970629
660,0.13385629653930664,0.05437243704346191
661,0.13532300293445587,0.12462482826465493
662,0.06366588920354843,-0.01298071618151162
663,0.07658780366182327,0.07376926279950208
664,0.050499096512794495,0.06885741998444787
665,0.16070950031280518,0.008932932122928476
666,0.06600561738014221,0.016968687824555708
667,0.08629763871431351,0.03422119565690613
668,0.09174136817455292,0.042378673995249055
669,0.09059068560600281,-0.0358729564730033
670,0.0767611488699913,0.049824714664157534
671,0.11228425055742264,0.056609655720663773
672,0.10426638275384903,0.07080842792324163
673,0.09095832705497742,0.018652162952472223
674,0.10989516973495483,0.038964443128964334
675,0.12362787127494812,0.06300403850763468
676,0.08513641357421875,-0.043365733222175386
677,0.11128973215818405,0.06165597912755704
678,0.08547884225845337,-0.003551472189924616
679,0.07577580958604813,0.009676825144397782
680,0.1645885854959488,0.05175484830409607
681,0.0786692202091217,0.118848937446439
682,0.10691898316144943,0.010996646440895288
683,0.10225588083267212,0.04736364086167963
684,0.13132108747959137,0.08486559162674315
685,0.10310070961713791,0.04581258541274261
686,0.11394944041967392,0.08495051629557672
687,0.07116012275218964,0.041073112154587026
688,0.19032707810401917,0.05577762995570979
689,0.10358506441116333,0.08071365776613346
690,0.1219235360622406,0.11402377455136946
691,0.15822279453277588,-0.005143051594481713
692,0.16206754744052887,0.01877503382707925
693,0.10317952185869217,0.09856584253874502
694,0.11439839005470276,0.09419267270927717
695,0.13617002964019775,0.08408452675046117
696,0.10252020508050919,0.10554434794134121
697,0.0831344723701477,0.05791636707110696
698,0.09630850702524185,0.09124646864172306
699,0.1861429065465927,0.08802279680088441
700,0.17366985976696014,0.11931951679512139
701,0.15107224881649017,0.18172121677521644
702,0.1868751347064972,0.10845648144153758
703,0.16817344725131989,0.11080189590885808
704,0.08345506340265274,0.04383994476972026
705,0.1568310260772705,0.07791060019819249
706,0.15089517831802368,0.11000628157452123
707,0.15662361681461334,0.06414000219833058
708,0.11075383424758911,0.061764584368151174
709,0.09397528320550919,0.1530398157155997
710,0.12160862237215042,0.12222770306853939
711,0.13883435726165771,0.1321409090508882
712,0.13949206471443176,0.08142074242218694
713,0.10083276033401489,0.0668748844027237
714,0.09047377854585648,0.1175010672715976
715,0.10157250612974167,0.09300846081333627
716,0.12780363857746124,0.10551873509357787
717,0.14317937195301056,0.10824975353260763
718,0.14541490375995636,0.1371090836301898
719,0.14781691133975983,0.06601268613769869
720,0.12256775051355362,0.03193658823283291
721,0.10921455174684525,0.08100661808367071
722,0.09885628521442413,-0.004907208573108934
723,0.1469166874885559,0.08367893078458039
724,0.18985818326473236,0.0666284185894919
725,0.09573742747306824,0.030696516555004758
726,0.14847247302532196,0.006403921038189222
727,0.16247038543224335,0.049375274157538576
728,0.12038582563400269,0.007088818381769486
729,0.0911431759595871,0.013141884492875835
730,0.1114063709974289,0.06935008490032389
731,0.11334457248449326,0.04117339190506014
732,0.12049885094165802,0.04699103086811752
733,0.04688143730163574,0.022916056186467516
734,0.0867682471871376,0.07483933526089445
735,0.057999446988105774,0.037469600512584404
736,0.0998854711651802,0.05305918556099821
737,0.09018367528915405,0.049162482712336183
738,0.08911575376987457,0.05850564581630402
739,0.13359136879444122,0.08558438617983934
740,0.09498576074838638,0.10267735205140191
741,0.08433151245117188,0.048570638556324396
742,0.13876919448375702,0.03896406902218941
743,0.10577315092086792,0.06581640574365266
744,0.13514231145381927,0.06272753474931371
745,0.18773037195205688,0.12868601338455618
746,0.10594984143972397,0.07905490266571835
747,0.09970215708017349,0.05477146891297482
748,0.09022317081689835,0.05109233549693803
749,0.11958109587430954,0.12654113340327192
750,0.20971032977104187,0.12740124968048439
751,0.0785226970911026,0.13181518006438753
752,0.13405029475688934,0.09567840386477391
753,0.11917872726917267,0.0011967519375242696
754,0.13776400685310364,0.0817030679712611
755,0.1586497277021408,0.07455075601711457
756,0.19201725721359253,0.1341899184160061
757,0.11143963783979416,0.12315385935531636
758,0.16335847973823547,0.07968202324215856
759,0.1585715413093567,0.12835797691917944
760,0.2112826704978943,0.15016422690005662
761,0.20780758559703827,0.020524653830029188
762,0.11347834765911102,0.13345853667422575
763,0.10468295216560364,0.11205725006179147
764,0.08180709183216095,0.11513012522226852
765,0.19511739909648895,0.15071732845668925
766,0.16217100620269775,0.09932357895306441
767,0.15900051593780518,0.06086645093173946
768,0.08848569542169571,0.12031438819777299
769,0.2336248904466629,0.1106985150875552
770,0.13559700548648834,0.08275916918598746
771,0.06298844516277313,0.15426867689926588
772,0.3356696367263794,0.14596934846669307
773,0.09575711935758591,0.07830682798484968
774,0.057630907744169235,0.08486795030491523
775,0.0995858758687973,-0.0016774700142704858
776,0.13265806436538696,0.09066597356959916
777,0.06292394548654556,0.08176534360090859
778,0.1392054259777069,0.07740896792942711
779,0.14872875809669495,0.1004302083216962
780,0.15197916328907013,0.060723748842167906
781,0.15413609147071838,0.041462258080130106
782,0.08081773668527603,0.04173069958470154
783,0.06445606052875519,0.045282345156933836
784,0.0967157781124115,0.02924987560821584
785,0.08891234546899796,0.10509529076761101
786,0.08825891464948654,0.075795500131974
787,0.10482290387153625,0.003531920893289149
788,0.07722162455320358,0.0680352068965619
789,0.08040779829025269,0.14178043763704187
790,0.10708670318126678,0.07023251391027632
791,0.08320675790309906,0.030438399193538874
792,0.08531053364276886,0.007110126078770547
793,0.0634959414601326,0.03212514461278387
794,0.08295255899429321,0.07079826278432023
795,0.08357704430818558,0.07285369628869272
796,0.16413921117782593,0.05348082414506683
797,0.10818584263324738,0.07675597863289849
798,0.12864996492862701,0.019513432677446575
799,0.13716064393520355,0.08765502426846936
800,0.07232173532247543,0.019564810085527844
801,0.09733137488365173,0.04530929198883667
802,0.09032713621854782,0.029351107079904275
803,0.08372922241687775,0.044873245584522416
804,0.07537037134170532,0.05973767291057726
805,0.08319307118654251,0.06050633246808219
806,0.08449333906173706,0.029105108895366123
807,0.06889603286981583,0.07780142348369204
808,0.09925246983766556,0.09189615698388583
809,0.11049532145261765,0.07356455849784552
810,0.09781753271818161,0.12657072827488072
811,0.08220379054546356,0.06545158586934115
812,0.07603134214878082,0.033097579092967844
813,0.09877082705497742,0.09569577186554536
814,0.08606353402137756,0.14403952694501915
815,0.08601360023021698,0.0725942950280089
816,0.10281781852245331,0.055144425337530355
817,0.1212535873055458,0.09627200328301093
818,0.06842406839132309,0.08290887835813857
819,0.09497718513011932,0.1102872360554347
820,0.07942115515470505,0.027025029867322838
821,0.1565885841846466,0.1028390344465428
822,0.23143351078033447,0.07200454737501225
823,0.106961190700531,0.11719882368433013
824,0.11845943331718445,0.07709974202774314
825,0.1149568259716034,0.12092458150731578
826,0.129047691822052,0.11184899145125213
827,0.055548783391714096,0.09356147538641198
828,0.06961275637149811,0.1024520495474046
829,0.05141095072031021,0.1192639802000064
830,0.15981784462928772,0.07793423124049781
831,0.134806290268898,0.09171320329363464
832,0.20389501750469208,0.13232017721645353
833,0.10543885827064514,0.13355469380959856
834,0.10543764382600784,0.09265383348423789
835,0.06618575751781464,0.08674021980580945
836,0.07171285152435303,0.10105534148166306
837,0.0702281966805458,0.10410377330561989
838,0.11768808960914612,0.1194668118141957
839,0.07357311993837357,0.1265805376496889
840,0.12670902907848358,0.05642155966430078
841,0.09952870011329651,0.11807450436659873
842,0.156415194272995,0.03859720935093358
843,0.11291442811489105,0.09911744932247238
844,0.08257352560758591,0.05472658610575675
845,0.07084039598703384,0.17099801668801334
846,0.07555583864450455,0.11423858851806809
847,0.12853004038333893,0.06485866776994134
848,0.07622726261615753,0.029042673495471336
849,0.08577647805213928,0.10846103931746356
850,0.07387812435626984,0.09043611771439791
851,0.07999517768621445,0.07108831744173529
852,0.13863185048103333,0.1140579250826797
853,0.0750327855348587,0.11507697903841638
854,0.060185063630342484,0.12456388493503813
855,0.10677365958690643,0.044830791346839184
856,0.09398454427719116,0.054724400650248396
857,0.08566830307245255,0.08843612607347301
858,0.052651017904281616,0.07864921906525896
859,0.08535953611135483,0.10877857599263041
860,0.09913505613803864,0.044277576488178205
861,0.05137280002236366,0.05693181733505039
862,0.06891535222530365,0.08907676189843379
863,0.11953748762607574,0.06807687610800212
864,0.15422235429286957,0.021757626336640384
865,0.18132568895816803,0.07926191428674928
866,0.10435077548027039,0.0612435055360365
867,0.08122088760137558,0.1257400578615942
868,0.08779525756835938,0.06191747274182316
869,0.05230439826846123,0.10665535266105294
870,0.10025651752948761,0.10675703615616275
871,0.22636647522449493,0.1953648060494746
872,0.09186255186796188,0.08820221666600787
873,0.1441781371831894,0.11936955861345645
874,0.12478239834308624,-0.01651725096877868
875,0.1181536614894867,0.10062719984547201
876,0.16552311182022095,0.0636520496317972
877,0.1227630078792572,0.11391631137262621
878,0.07922540605068207,0.05115061224747864
879,0.06881315261125565,0.09612150724628218
880,0.08224070817232132,0.049615282393362624
881,0.11137741059064865,0.10520652211490905
882,0.10770994424819946,0.04366801819706561
883,0.12687554955482483,0.08545028076380316
884,0.16391918063163757,0.11443909923514585
885,0.09772546589374542,0.1268687244222115
886,0.1487973928451538,0.10312199383927258
887,0.09346935898065567,0.1324113230019707
888,0.11114121228456497,0.11013006721204681
889,0.11761726438999176,0.11195890557691751
890,0.09203716367483139,0.1270806939681642
891,0.11318837851285934,0.13096806043145912
892,0.11015380173921585,0.1096715672140625
893,0.10712459683418274,0.10286274260180468
894,0.0681118369102478,0.1051521214596118
895,0.07889200001955032,0.12625812629983066
896,0.07208018004894257,0.129616244944401
897,0.12247184664011002,0.09730402190912432
898,0.08810745179653168,0.05297704436796927
899,0.1981474906206131,0.11697545957313897
900,0.09372425079345703,0.04842299863227696
901,0.10270635783672333,0.13698403729345174
902,0.05625598505139351,0.16754925264960435
903,0.06757038831710815,0.03746294814598107
904,0.06588253378868103,0.11130597267418782
905,0.08215059340000153,0.08501168562504241
906,0.0901709720492363,0.10213559994287215
907,0.13739648461341858,0.12088451138130701
908,0.08539049327373505,0.08292975831102986
909,0.07289008051156998,0.18267960410682924
910,0.04123326390981674,0.1278906701155445
911,0.16034561395645142,0.10481785694880762
912,0.12768468260765076,0.09732518894744263
913,0.12230484187602997,0.07646787322184335
914,0.09046319127082825,0.12366299809942886
915,0.06376650929450989,0.11484755406857296
916,0.13172592222690582,0.12118115899670391
917,0.062016379088163376,0.09892294062529874
918,0.11262951046228409,0.15326347839973872
919,0.13804376125335693,0.09773876190684745
920,0.07936299592256546,0.13735196614434209
921,0.16645559668540955,0.07071235114189188
922,0.07891904562711716,0.12088150134569092
923,0.11798004806041718,0.12906752434986365
924,0.12683206796646118,0.11723639429388256
925,0.11121783405542374,0.15750998853844894
926,0.11559084057807922,0.12403856439398077
927,0.15510793030261993,0.1558377415518332
928,0.10101734846830368,0.11988456460903983
929,0.0864633247256279,0.041761035011740055
930,0.047834888100624084,0.13013392112545638
931,0.06585076451301575,0.06328215442226677
932,0.04643811285495758,0.13340592570491794
933,0.0827530100941658,0.072623348251634
934,0.09829678386449814,0.1027013079477536
935,0.06715482473373413,0.15868136119065968
936,0.06714162230491638,0.05533532342332666
937,0.15655848383903503,0.03660864723111319
938,0.051435720175504684,0.14683511915448103
939,0.06748798489570618,0.08613719412114039
940,0.10394426435232162,0.13385117153139592
941,0.07488367706537247,0.14982248434577888
942,0.059523068368434906,0.15583219422633468
943,0.08385453373193741,0.14222448062203147
944,0.07614859938621521,0.08426649790100933
945,0.08905970305204391,0.13018468904424324
946,0.12433464825153351,0.09180267525594743
947,0.0855053961277008,0.10615791170566222
948,0.09680771082639694,0.08926769783410976
949,0.1180347129702568,0.14325255476942625
950,0.0856122374534607,0.0923988638829729
951,0.08645150065422058,0.13912473937761047
952,0.08639100193977356,0.13864352015540152
953,0.08031141012907028,0.10554566413338122
954,0.10802322626113892,0.10553826726432511
955,0.07560624182224274,0.12126776403983484
956,0.10775597393512726,0.1341232493839506
957,0.1016099750995636,0.14314431349185464
958,0.18204805254936218,0.12707983490372643
959,0.09060673415660858,0.16526251816502838
960,0.1274864226579666,0.16565026940947597
961,0.15147152543067932,0.1609203280509469
962,0.10571391135454178,0.11854066702085295
963,0.168243408203125,0.08247654296946799
964,0.1154986023902893,0.12055311846013676
965,0.15938471257686615,0.14089730727665573
966,0.14235694706439972,0.13313867221959966
967,0.09101811051368713,0.16795596082456302
968,0.08696763962507248,0.06454668825923032
969,0.07576899975538254,0.08778198043359685
970,0.06350067257881165,0.11698142471909982
971,0.13643024861812592,0.08906779099531109
972,0.08319111913442612,0.06882759140832598
973,0.08521446585655212,0.10163532771613017
974,0.08614835888147354,0.14211331726235057
975,0.08140356093645096,0.1491028015978819
976,0.07727063447237015,0.12952209135056642
977,0.12130504846572876,0.08168973042767062
978,0.06788717210292816,0.08138988599704039
979,0.13611631095409393,0.07853621846507633
980,0.12955820560455322,0.0675607584478256
981,0.05710494890809059,0.07588642312425804
982,0.05290447175502777,0.06697956951920184
983,0.09327177703380585,0.0711573756497891
984,0.06625907123088837,0.046849154247523374
985,0.1639125943183899,0.08293956139450576
986,0.13202287256717682,0.08462579996456233
987,0.10906204581260681,0.1650133815850806
988,0.07806848734617233,0.02361402876324627
989,0.0901416465640068,0.12068222711411568
990,0.10742725431919098,0.0970611980861943
991,0.11309991776943207,0.1269383799750656
992,0.10918410122394562,0.12033804683653146
993,0.0648881122469902,0.11412877312623516
994,0.09273180365562439,0.10742224580077131
995,0.07611993700265884,0.13690958325227032
996,0.10502017289400101,0.05238209954455827
997,0.06476301699876785,0.09826519419704556
998,0.11800862103700638,0.08420101544292852
999,0.08894923329353333,0.17057520065530946
1000,0.08001188188791275,0.08397681714049239
